{
  "mean_reward": -0.02404259964823723,
  "std_reward": 0.19435663172857653,
  "median_reward": 0.010901840403676033,
  "min_reward": -0.6052783727645874,
  "max_reward": 0.2256181836128235,
  "mean_response_length": 168.46666666666667,
  "std_response_length": 36.623975146829096,
  "num_prompts": 3,
  "num_samples": 15,
  "samples_per_prompt": 5,
  "reward_p10": -0.1917399227619171,
  "reward_p25": -0.05706855654716492,
  "reward_p75": 0.07790694013237953,
  "reward_p90": 0.17230366170406336,
  "response_mean_word_count": 168.46666666666667,
  "response_std_word_count": 36.623975146829096,
  "response_mean_char_count": 904.0,
  "response_std_char_count": 203.70861542899945,
  "response_mean_token_count": 217.93333333333334,
  "response_std_token_count": 45.76529495395198,
  "response_min_word_count": 42,
  "response_max_word_count": 207,
  "response_num_texts": 15
}