{"validation_loss": 4.6101861000061035, "bleu": 7.871880108182528}