{"validation_loss": 3.6317858695983887, "bleu": 10.851788351412965}