{"validation_loss": 4.152060508728027, "bleu": 8.346058949933711}