{"validation_loss": 3.853787422180176, "bleu": 10.96447724181414}